阶段,工序,执行频次,点位路线字段,按顺序执行的动作,成功/互锁条件,等待/轮询,失败代码,范围与说明,定义来源
1,初始化,每配方一次；位于2×6生产循环前,无配方点位移动；显式触发X/Y1/Y2/Z各自PR0,关闭三个灌装头、夹爪、供盖器、冲洗阀、CIP阀/排水阀及Relay 0x0008–0x000E；四定位电机PR0；轮询完成；保存last_*_pr=0；读坐标并更新UI；报警检查；缓存运行状态；稳定1秒。,四轴完成位=1，报警寄存器0x2203均为0,四轴完成轮询20ms/4000ms；显式等待1000ms,HOME_TIMEOUT；X_ALARM/Y_ALARM/Y_ALARM_Y2/Z_ALARM,预置PR0移动，不是硬件限位寻零。,candidate:layered/L3_group/step_01_system_initialization.group.json
2,空瓶上料与夹取,每瓶一次；每配方12次,empty_entry → empty_work,Relay推瓶输出0x0008开；Infeed PR=infeed_pr；完成后确认上料BottleSensor 0x0034；关推瓶；先入空瓶entry再work；Gripper线圈0x0000开；确认抓取0x0041。,上料传感器=1且抓取传感器=1,Infeed20ms/4000ms；上料100ms/5000ms；抓取50ms/3000ms；每次move四轴20ms/4000ms,EMPTY_FEED_TIMEOUT；BOTTLE_SENSOR_TIMEOUT；PICK_TIMEOUT；MOTION_TIMEOUT,夹爪在此夹住瓶子，直到阶段10松夹。,candidate:layered/L3_group/step_02_empty_bottle_feeding.group.json
3,瓶位确认,每瓶一次；每配方12次,保持empty_work，不新增移动,确认ContainerSensor FC04 0x0001；逐路确认BottleSensor 0x0034–0x0037并缓存；读取累计产量FlowMeter0x0020；UI BottleState=all ready。,ContainerSensor及四路状态均为1,容器20ms/2000ms；四路瓶位各50ms/3000ms,NO_CONTAINER；POS1_TIMEOUT/POS2_TIMEOUT/POS3_TIMEOUT/POS4_TIMEOUT,四路信号，不是四个需要搬运到的工位。,candidate:layered/L3_group/step_03_bottle_position_detection.group.json
4,瓶内冲洗,每瓶一次；每配方12次,empty_entry → rinse_entry → rinse_work → rinse_entry,抬升到空瓶entry；转冲洗entry再下降work；冲洗阀0x0012开5s后关；压力检查0x0010>=0.2MPa；消毒阀CIP0x0013开3s后关；排水阀CIP0x0014开3s后关；UI WashState=done；抬升至rinse_entry。,实际开阀时长分别>=5000/3000/3000ms；压力>=0.2MPa；保持夹持且位于冲洗work,显式等待5000+3000+3000ms；移动完成轮询20ms/4000ms,RINSE_PRESSURE_LOW；MOTION_TIMEOUT；模拟模型另检RINSE_DURATION/RINSE_SEQUENCE/PROCESS_POSITION,这些时长/阈值是已有模拟案例工程输入，不是由250mL容积推导或物理标定。,candidate:layered/L3_group/step_04_in_bottle_rinsing.group.json
5,灌装定位,每瓶一次；每配方12次,fill_entry → fill_work；口味决定fill点位,先到选定口味灌装entry再work；BottleSensor0x0042–0x0045逐路检查到位。,瓶已完成冲洗；四路灌装位置状态=1；选择配方对应灌装头,四路各50ms/3000ms；移动20ms/4000ms,FILL1_POS_TIMEOUT/FILL2_POS_TIMEOUT/FILL3_POS_TIMEOUT/FILL4_POS_TIMEOUT；MOTION_TIMEOUT,三口味分别OrangeFill/AppleFill/GrapeFill，按配方运行一个灌装头。,candidate:layered/L3_group/step_05_filling_positioning.group.json
6,定量灌装,每瓶一次；每配方12次,保持fill_work,清FlowMeter0x0001；给fill_device写容量0x0010及灌装时间0x0011；开灌装头线圈0x0000；等待完成；检查FlowMeter0x0000>=volume_ml；确认液位0x0038；关灌装头；4次PressureSensor0x0012>=0.1MPa；缓存流量及头部0x0012实灌量；更新UI。,配方容量250mL；灌装时长橙1250/苹果1389/葡萄1137ms；累计量>=250；液位=1；4次压力>=0.1MPa,灌装完成20ms/20000ms；液位50ms/8000ms；4次压力检查无额外等待,FILL_TIMEOUT；FLOW_NOT_REACHED；LEVEL_TIMEOUT；FILL_PRESSURE_LOW；COMM_OFFLINE,已保存旧动作name包含“500ml”，但compareValue实际为配方250；表格应以字段值为准，不能复述过时name。,candidate:layered/L3_group/step_06_filling.group.json
7,液位复检,每瓶一次；每配方12次,保持fill_work，无独立质检点位,独立轮询LevelSensor0x0038/39/3A/3B并缓存lv1–lv4；CheckState=qualified。,四路液位均为1，模拟器记录4路已检查才允许封口,每路50ms/3000ms,RECHECK1_FAIL/RECHECK2_FAIL/RECHECK3_FAIL/RECHECK4_FAIL；模型另检LEVEL_NOT_VERIFIED,属于在线液位质检；无视觉、称重、泄漏测试、坏品分拣或独立质检搬运。,candidate:layered/L3_group/step_07_level_recheck.group.json
8,供盖与封口,每瓶一次；每配方12次,fill_entry → closure_entry → closure_work → closure_entry,抬升离开灌装；去封口entry/work；CapFeeder开；Closure按closure_pr触发；等待完成；Relay0x000B封口输出开3s；读Torque0x0030>=2.0N·m；关封口输出；BottleSensor0x0046盖到位；缓存扭矩；CapFeeder关；抬升。,闭合状态、四路液位通过、供盖器开启；封口保持>=3000ms且扭矩>=2.0N·m；盖到位=1,Closure20ms/5000ms；封口显式3000ms；盖到位50ms/3000ms,CLOSURE_TIMEOUT；TORQUE_LOW；CAP_TIMEOUT；MOTION_TIMEOUT；模型另检CAPPING_DURATION/CLOSURE_SEQUENCE/CLOSURE_MODE,250mL使用closure_pr=3，closure_mode=screw_small是配方描述；真实机构校准未建模。,candidate:layered/L3_group/step_08_capping.group.json
9,喷码与贴标,每瓶一次；每配方12次,code_entry → code_work → code_entry,进喷码entry/work；Relay0x000C喷码开/关；0x000D贴标开/关；BottleSensor0x0047完成确认；UI CodeState=done；抬升。,瓶已封口且扭矩检查通过；喷码先于贴标；完成位=1,无显式脉冲timer；每次模拟请求5ms使开/关脉冲约5ms；完成确认50ms/3000ms,CODE_POS_TIMEOUT；MOTION_TIMEOUT；模型另检LABEL_SEQUENCE/LABEL_DURATION,没有码内容、标签版式或条码视觉检验参数；不能声称完整包装作业。,candidate:layered/L3_group/step_09_coding_labeling.group.json
10,成品放置与出料,每瓶一次；每配方12次,finished_entry → finished_work → finished_entry,进入成品entry/work；Gripper关以松夹；Relay推瓶0x0008开；Outfeed PR=outfeed_pr；完成并确认BottleSensor0x0040；缓存累计产量；关推瓶；抬升；completed加1并更新UI。,成品已灌装、封口、液位复检、喷码与贴标；松夹后出料完成位与传感器=1,Outfeed20ms/4000ms；出料传感器100ms/5000ms；移动20ms/4000ms,OUTFEED_TIMEOUT；OUT_SENSOR_TIMEOUT；MOTION_TIMEOUT；模型另检UNFINISHED_RELEASE/UNLABELLED_RELEASE/UNLABELLED_OUTPUT,仅成品放置/出料；没有装箱、封箱、码垛、包装机或包装点位。,candidate:layered/L3_group/step_10_finished_product_discharge.group.json
11,CIP清洗,每配方一次；完成全部12瓶后,不新增生产点位移动；保持最后finished_entry,CIP0x0013开，Relay泵0x000E开；循环120s；压力0x0010>=0.3MPa；CIP排水0x0014开30s后关；停泵；冲洗阀0x0012开20s后关；关CIP0x0013；UI CIPState=done。,全部12瓶已出料且无持瓶；循环>=120000ms、排水>=30000ms、清水>=20000ms；压力>=0.3MPa；停泵后清水,显式120000+30000+20000ms,CIP_PRESSURE_LOW；模型另检CIP_SEQUENCE/CIP_DURATION/CIP_INCOMPLETE,模拟清洗顺序和时长检查，不是卫生效果或食品安全验证。,candidate:layered/L3_group/step_11_cip_cleaning_sanitizing.group.json
12,回原点与待机,每配方一次；CIP完成后,显式触发X/Y1/Y2/Z各自PR0,重复复位所有输出；四轴显式PR0并等待完成；记录last_*_pr=0；刷新位置UI；四轴报警检查；SystemState=standby。,CIP完成；定位四轴PR0；无待完成动作、无持瓶且所有输出关闭；报警=0,四轴20ms/4000ms；无额外稳定timer,HOME_TIMEOUT；X_ALARM/Y_ALARM/Y_ALARM_Y2/Z_ALARM；模型另检FINAL_STATE/HOME_POSITION,与初始化一样，PR0不受“点号未变化则跳过”优化影响。,candidate:layered/L3_group/step_12_homing_standby.group.json
