L1文件名,动作类型,参数定义,请求PDU,解码/计算,预期回显,使用的L2节点,L2判断,L2超时ms,来源
encode_pr_trigger.u16.r_u16_trigger_word,calculate,"[{""index"":0,""name"":""point"",""type"":""u16"",""min"":0,""max"":15}]",,16 + ${param_0},,encode_pr_trigger.u16.r_u16_trigger_word,{},3000,candidate:layered/L1_action/all_actions.json + L2_node/all_nodes.json
trigger_pr_path.u16.r_b_written,modbus_write_verify,"[{""index"":0,""name"":""value"",""type"":""u16""}]",06 60 02 ${value_high} ${value_low},,06 60 02 ${value_high} ${value_low},trigger_pr_path.u16.r_b_done,"{""type"":""exists""}",3000,candidate:layered/L1_action/all_actions.json + L2_node/all_nodes.json
read_state.s.r_i32_previous_pr,read_variable,"[{""index"":0,""name"":""key"",""type"":""s""}]",,,,read_state.s.r_i32_previous_pr,{},3000,candidate:layered/L1_action/all_actions.json + L2_node/all_nodes.json
set_state.s_i32.r_b_saved,set_variable,"[{""index"":0,""name"":""key"",""type"":""s""},{""index"":1,""name"":""value"",""type"":""i32""}]",,,,set_state.s_i32.r_b_done,{},3000,candidate:layered/L1_action/all_actions.json + L2_node/all_nodes.json
read_fc03_reg602c.r_i32_value,modbus_read_cache,[],03 60 2C 00 02,"{""start_byte"":2,""length"":4,""endian"":""big"",""type"":""int""}",,read_fc03_reg602c.r_i32_value,{},3000,candidate:layered/L1_action/all_actions.json + L2_node/all_nodes.json
update_ui.s_s,ui_action,"[{""index"":0,""name"":""target"",""type"":""s""},{""index"":1,""name"":""value"",""type"":""s""}]",,,,update_ui.s_s,{},3000,candidate:layered/L1_action/all_actions.json + L2_node/all_nodes.json
read_fc04_reg0000_expected.r_u16_value,modbus_read_cache,[],04 00 00 00 01,"{""start_byte"":2,""length"":2,""endian"":""big"",""type"":""uint16""}",04 02 00 01,read_fc04_reg0000_expected.r_b_poll_ready,"{""type"":""compare"",""condition"":""eq"",""value"":1}",3000,candidate:layered/L1_action/all_actions.json + L2_node/all_nodes.json
wait_ms.u32.r_b_wait_done,wait,"[{""index"":0,""name"":""ms"",""type"":""u32""}]",,,,wait_ms.u32.r_b_done,{},3600000,candidate:layered/L1_action/all_actions.json + L2_node/all_nodes.json
write_050000.u16.r_b_written,modbus_write_verify,"[{""index"":0,""name"":""value"",""type"":""u16""}]",05 00 00 ${value_high} ${value_low},,05 00 00 ${value_high} ${value_low},write_050000.u16.r_b_done,{},3000,candidate:layered/L1_action/all_actions.json + L2_node/all_nodes.json
write_050012.u16.r_b_written,modbus_write_verify,"[{""index"":0,""name"":""value"",""type"":""u16""}]",05 00 12 ${value_high} ${value_low},,05 00 12 ${value_high} ${value_low},write_050012.u16.r_b_done,{},3000,candidate:layered/L1_action/all_actions.json + L2_node/all_nodes.json
write_050013.u16.r_b_written,modbus_write_verify,"[{""index"":0,""name"":""value"",""type"":""u16""}]",05 00 13 ${value_high} ${value_low},,05 00 13 ${value_high} ${value_low},write_050013.u16.r_b_done,{},3000,candidate:layered/L1_action/all_actions.json + L2_node/all_nodes.json
write_050014.u16.r_b_written,modbus_write_verify,"[{""index"":0,""name"":""value"",""type"":""u16""}]",05 00 14 ${value_high} ${value_low},,05 00 14 ${value_high} ${value_low},write_050014.u16.r_b_done,{},3000,candidate:layered/L1_action/all_actions.json + L2_node/all_nodes.json
write_050008.u16.r_b_written,modbus_write_verify,"[{""index"":0,""name"":""value"",""type"":""u16""}]",05 00 08 ${value_high} ${value_low},,05 00 08 ${value_high} ${value_low},write_050008.u16.r_b_done,{},3000,candidate:layered/L1_action/all_actions.json + L2_node/all_nodes.json
write_050009.u16.r_b_written,modbus_write_verify,"[{""index"":0,""name"":""value"",""type"":""u16""}]",05 00 09 ${value_high} ${value_low},,05 00 09 ${value_high} ${value_low},write_050009.u16.r_b_done,{},3000,candidate:layered/L1_action/all_actions.json + L2_node/all_nodes.json
write_05000a.u16.r_b_written,modbus_write_verify,"[{""index"":0,""name"":""value"",""type"":""u16""}]",05 00 0A ${value_high} ${value_low},,05 00 0A ${value_high} ${value_low},write_05000a.u16.r_b_done,{},3000,candidate:layered/L1_action/all_actions.json + L2_node/all_nodes.json
write_05000b.u16.r_b_written,modbus_write_verify,"[{""index"":0,""name"":""value"",""type"":""u16""}]",05 00 0B ${value_high} ${value_low},,05 00 0B ${value_high} ${value_low},write_05000b.u16.r_b_done,{},3000,candidate:layered/L1_action/all_actions.json + L2_node/all_nodes.json
write_05000c.u16.r_b_written,modbus_write_verify,"[{""index"":0,""name"":""value"",""type"":""u16""}]",05 00 0C ${value_high} ${value_low},,05 00 0C ${value_high} ${value_low},write_05000c.u16.r_b_done,{},3000,candidate:layered/L1_action/all_actions.json + L2_node/all_nodes.json
write_05000d.u16.r_b_written,modbus_write_verify,"[{""index"":0,""name"":""value"",""type"":""u16""}]",05 00 0D ${value_high} ${value_low},,05 00 0D ${value_high} ${value_low},write_05000d.u16.r_b_done,{},3000,candidate:layered/L1_action/all_actions.json + L2_node/all_nodes.json
write_05000e.u16.r_b_written,modbus_write_verify,"[{""index"":0,""name"":""value"",""type"":""u16""}]",05 00 0E ${value_high} ${value_low},,05 00 0E ${value_high} ${value_low},write_05000e.u16.r_b_done,{},3000,candidate:layered/L1_action/all_actions.json + L2_node/all_nodes.json
read_fc03_reg2203.r_u16_value,modbus_read_cache,[],03 22 03 00 01,"{""start_byte"":2,""length"":2,""endian"":""big"",""type"":""int""}",,read_fc03_reg2203_x_alarm.r_b_check_ok; read_fc03_reg2203_y_alarm.r_b_check_ok; read_fc03_reg2203_y_alarm_y2.r_b_check_ok; read_fc03_reg2203_z_alarm.r_b_check_ok,"{""type"":""compare"",""condition"":""eq"",""value"":0}; {""type"":""compare"",""condition"":""eq"",""value"":0}; {""type"":""compare"",""condition"":""eq"",""value"":0}; {""type"":""compare"",""condition"":""eq"",""value"":0}",3000; 3000; 3000; 3000,candidate:layered/L1_action/all_actions.json + L2_node/all_nodes.json
read_fc03_reg1003.r_u16_value,modbus_read_cache,[],03 10 03 00 01,"{""start_byte"":2,""length"":2,""endian"":""big"",""type"":""int""}",,read_fc03_reg1003.r_u16_value,{},3000,candidate:layered/L1_action/all_actions.json + L2_node/all_nodes.json
read_fc04_reg0034_expected.r_u16_value,modbus_read_cache,[],04 00 34 00 01,"{""start_byte"":2,""length"":2,""endian"":""big"",""type"":""uint16""}",04 02 00 01,read_fc04_reg0034_expected.r_b_poll_ready,"{""type"":""compare"",""condition"":""eq"",""value"":1}",3000,candidate:layered/L1_action/all_actions.json + L2_node/all_nodes.json
read_fc04_reg0041_expected.r_u16_value,modbus_read_cache,[],04 00 41 00 01,"{""start_byte"":2,""length"":2,""endian"":""big"",""type"":""uint16""}",04 02 00 01,read_fc04_reg0041_expected.r_b_poll_ready,"{""type"":""compare"",""condition"":""eq"",""value"":1}",3000,candidate:layered/L1_action/all_actions.json + L2_node/all_nodes.json
read_fc04_reg0001_expected.r_u16_value,modbus_read_cache,[],04 00 01 00 01,"{""start_byte"":2,""length"":2,""endian"":""big"",""type"":""uint16""}",04 02 00 01,read_fc04_reg0001_expected.r_b_poll_ready,"{""type"":""compare"",""condition"":""eq"",""value"":1}",3000,candidate:layered/L1_action/all_actions.json + L2_node/all_nodes.json
read_fc04_reg0035_expected.r_u16_value,modbus_read_cache,[],04 00 35 00 01,"{""start_byte"":2,""length"":2,""endian"":""big"",""type"":""uint16""}",04 02 00 01,read_fc04_reg0035_expected.r_b_poll_ready,"{""type"":""compare"",""condition"":""eq"",""value"":1}",3000,candidate:layered/L1_action/all_actions.json + L2_node/all_nodes.json
read_fc04_reg0036_expected.r_u16_value,modbus_read_cache,[],04 00 36 00 01,"{""start_byte"":2,""length"":2,""endian"":""big"",""type"":""uint16""}",04 02 00 01,read_fc04_reg0036_expected.r_b_poll_ready,"{""type"":""compare"",""condition"":""eq"",""value"":1}",3000,candidate:layered/L1_action/all_actions.json + L2_node/all_nodes.json
read_fc04_reg0037_expected.r_u16_value,modbus_read_cache,[],04 00 37 00 01,"{""start_byte"":2,""length"":2,""endian"":""big"",""type"":""uint16""}",04 02 00 01,read_fc04_reg0037_expected.r_b_poll_ready,"{""type"":""compare"",""condition"":""eq"",""value"":1}",3000,candidate:layered/L1_action/all_actions.json + L2_node/all_nodes.json
read_fc04_reg0034.r_u16_value,modbus_read_cache,[],04 00 34 00 01,"{""start_byte"":2,""length"":2,""endian"":""big"",""type"":""uint16""}",,read_fc04_reg0034.r_u16_value,{},3000,candidate:layered/L1_action/all_actions.json + L2_node/all_nodes.json
read_fc04_reg0035.r_u16_value,modbus_read_cache,[],04 00 35 00 01,"{""start_byte"":2,""length"":2,""endian"":""big"",""type"":""uint16""}",,read_fc04_reg0035.r_u16_value,{},3000,candidate:layered/L1_action/all_actions.json + L2_node/all_nodes.json
read_fc04_reg0036.r_u16_value,modbus_read_cache,[],04 00 36 00 01,"{""start_byte"":2,""length"":2,""endian"":""big"",""type"":""uint16""}",,read_fc04_reg0036.r_u16_value,{},3000,candidate:layered/L1_action/all_actions.json + L2_node/all_nodes.json
read_fc04_reg0037.r_u16_value,modbus_read_cache,[],04 00 37 00 01,"{""start_byte"":2,""length"":2,""endian"":""big"",""type"":""uint16""}",,read_fc04_reg0037.r_u16_value,{},3000,candidate:layered/L1_action/all_actions.json + L2_node/all_nodes.json
read_fc03_reg0020.r_i32_value,modbus_read_cache,[],03 00 20 00 02,"{""start_byte"":2,""length"":4,""endian"":""big"",""type"":""int""}",,read_fc03_reg0020.r_i32_value,{},3000,candidate:layered/L1_action/all_actions.json + L2_node/all_nodes.json
read_fc03_reg0010_le.r_f_value,modbus_read_cache,[],03 00 10 00 02,"{""start_byte"":2,""length"":4,""endian"":""little"",""type"":""float""}",,read_fc03_reg0010_le_rinse_pressure_low.r_b_check_ok; read_fc03_reg0010_le_cip_pressure_low.r_b_check_ok,"{""type"":""compare"",""condition"":""ge"",""value"":0.2}; {""type"":""compare"",""condition"":""ge"",""value"":0.3}",3000; 3000,candidate:layered/L1_action/all_actions.json + L2_node/all_nodes.json
read_fc04_reg0042_expected.r_u16_value,modbus_read_cache,[],04 00 42 00 01,"{""start_byte"":2,""length"":2,""endian"":""big"",""type"":""uint16""}",04 02 00 01,read_fc04_reg0042_expected.r_b_poll_ready,"{""type"":""compare"",""condition"":""eq"",""value"":1}",3000,candidate:layered/L1_action/all_actions.json + L2_node/all_nodes.json
read_fc04_reg0043_expected.r_u16_value,modbus_read_cache,[],04 00 43 00 01,"{""start_byte"":2,""length"":2,""endian"":""big"",""type"":""uint16""}",04 02 00 01,read_fc04_reg0043_expected.r_b_poll_ready,"{""type"":""compare"",""condition"":""eq"",""value"":1}",3000,candidate:layered/L1_action/all_actions.json + L2_node/all_nodes.json
read_fc04_reg0044_expected.r_u16_value,modbus_read_cache,[],04 00 44 00 01,"{""start_byte"":2,""length"":2,""endian"":""big"",""type"":""uint16""}",04 02 00 01,read_fc04_reg0044_expected.r_b_poll_ready,"{""type"":""compare"",""condition"":""eq"",""value"":1}",3000,candidate:layered/L1_action/all_actions.json + L2_node/all_nodes.json
read_fc04_reg0045_expected.r_u16_value,modbus_read_cache,[],04 00 45 00 01,"{""start_byte"":2,""length"":2,""endian"":""big"",""type"":""uint16""}",04 02 00 01,read_fc04_reg0045_expected.r_b_poll_ready,"{""type"":""compare"",""condition"":""eq"",""value"":1}",3000,candidate:layered/L1_action/all_actions.json + L2_node/all_nodes.json
write_060001.u16.r_b_written,modbus_write_verify,"[{""index"":0,""name"":""value"",""type"":""u16""}]",06 00 01 ${value_high} ${value_low},,06 00 01 ${value_high} ${value_low},write_060001.u16.r_b_done,{},3000,candidate:layered/L1_action/all_actions.json + L2_node/all_nodes.json
write_060010.u16.r_b_written,modbus_write_verify,"[{""index"":0,""name"":""value"",""type"":""u16""}]",06 00 10 ${value_high} ${value_low},,06 00 10 ${value_high} ${value_low},write_060010.u16.r_b_done,{},3000,candidate:layered/L1_action/all_actions.json + L2_node/all_nodes.json
write_060011.u16.r_b_written,modbus_write_verify,"[{""index"":0,""name"":""value"",""type"":""u16""}]",06 00 11 ${value_high} ${value_low},,06 00 11 ${value_high} ${value_low},write_060011.u16.r_b_done,{},3000,candidate:layered/L1_action/all_actions.json + L2_node/all_nodes.json
read_fc03_reg0000_le.r_f_value,modbus_read_cache,[],03 00 00 00 02,"{""start_byte"":2,""length"":4,""endian"":""little"",""type"":""float""}",,read_fc03_reg0000_le_flow_not_reached.r_b_check_ok; read_fc03_reg0000_le.r_f_value,"{""type"":""compare"",""condition"":""ge"",""value"":""${recipes[recipe_index].volume_ml}""}; {}",3000; 3000,candidate:layered/L1_action/all_actions.json + L2_node/all_nodes.json
read_fc04_reg0038_expected.r_u16_value,modbus_read_cache,[],04 00 38 00 01,"{""start_byte"":2,""length"":2,""endian"":""big"",""type"":""uint16""}",04 02 00 01,read_fc04_reg0038_expected.r_b_poll_ready,"{""type"":""compare"",""condition"":""eq"",""value"":1}",3000,candidate:layered/L1_action/all_actions.json + L2_node/all_nodes.json
read_fc03_reg0012_le.r_f_value,modbus_read_cache,[],03 00 12 00 02,"{""start_byte"":2,""length"":4,""endian"":""little"",""type"":""float""}",,read_fc03_reg0012_le_fill_pressure_low.r_b_check_ok,"{""type"":""compare"",""condition"":""ge"",""value"":0.1}",3000,candidate:layered/L1_action/all_actions.json + L2_node/all_nodes.json
read_fc03_reg0012.r_u16_value,modbus_read_cache,[],03 00 12 00 01,"{""start_byte"":2,""length"":2,""endian"":""big"",""type"":""uint16""}",,read_fc03_reg0012.r_u16_value,{},3000,candidate:layered/L1_action/all_actions.json + L2_node/all_nodes.json
read_fc04_reg0039_expected.r_u16_value,modbus_read_cache,[],04 00 39 00 01,"{""start_byte"":2,""length"":2,""endian"":""big"",""type"":""uint16""}",04 02 00 01,read_fc04_reg0039_expected.r_b_poll_ready,"{""type"":""compare"",""condition"":""eq"",""value"":1}",3000,candidate:layered/L1_action/all_actions.json + L2_node/all_nodes.json
read_fc04_reg003a_expected.r_u16_value,modbus_read_cache,[],04 00 3A 00 01,"{""start_byte"":2,""length"":2,""endian"":""big"",""type"":""uint16""}",04 02 00 01,read_fc04_reg003a_expected.r_b_poll_ready,"{""type"":""compare"",""condition"":""eq"",""value"":1}",3000,candidate:layered/L1_action/all_actions.json + L2_node/all_nodes.json
read_fc04_reg003b_expected.r_u16_value,modbus_read_cache,[],04 00 3B 00 01,"{""start_byte"":2,""length"":2,""endian"":""big"",""type"":""uint16""}",04 02 00 01,read_fc04_reg003b_expected.r_b_poll_ready,"{""type"":""compare"",""condition"":""eq"",""value"":1}",3000,candidate:layered/L1_action/all_actions.json + L2_node/all_nodes.json
read_fc04_reg0038.r_u16_value,modbus_read_cache,[],04 00 38 00 01,"{""start_byte"":2,""length"":2,""endian"":""big"",""type"":""uint16""}",,read_fc04_reg0038.r_u16_value,{},3000,candidate:layered/L1_action/all_actions.json + L2_node/all_nodes.json
read_fc04_reg0039.r_u16_value,modbus_read_cache,[],04 00 39 00 01,"{""start_byte"":2,""length"":2,""endian"":""big"",""type"":""uint16""}",,read_fc04_reg0039.r_u16_value,{},3000,candidate:layered/L1_action/all_actions.json + L2_node/all_nodes.json
read_fc04_reg003a.r_u16_value,modbus_read_cache,[],04 00 3A 00 01,"{""start_byte"":2,""length"":2,""endian"":""big"",""type"":""uint16""}",,read_fc04_reg003a.r_u16_value,{},3000,candidate:layered/L1_action/all_actions.json + L2_node/all_nodes.json
read_fc04_reg003b.r_u16_value,modbus_read_cache,[],04 00 3B 00 01,"{""start_byte"":2,""length"":2,""endian"":""big"",""type"":""uint16""}",,read_fc04_reg003b.r_u16_value,{},3000,candidate:layered/L1_action/all_actions.json + L2_node/all_nodes.json
read_fc03_reg0030_le.r_f_value,modbus_read_cache,[],03 00 30 00 02,"{""start_byte"":2,""length"":4,""endian"":""little"",""type"":""float""}",,read_fc03_reg0030_le_torque_low.r_b_check_ok; read_fc03_reg0030_le.r_f_value,"{""type"":""compare"",""condition"":""ge"",""value"":2.0}; {}",3000; 3000,candidate:layered/L1_action/all_actions.json + L2_node/all_nodes.json
read_fc04_reg0046_expected.r_u16_value,modbus_read_cache,[],04 00 46 00 01,"{""start_byte"":2,""length"":2,""endian"":""big"",""type"":""uint16""}",04 02 00 01,read_fc04_reg0046_expected.r_b_poll_ready,"{""type"":""compare"",""condition"":""eq"",""value"":1}",3000,candidate:layered/L1_action/all_actions.json + L2_node/all_nodes.json
read_fc04_reg0047_expected.r_u16_value,modbus_read_cache,[],04 00 47 00 01,"{""start_byte"":2,""length"":2,""endian"":""big"",""type"":""uint16""}",04 02 00 01,read_fc04_reg0047_expected.r_b_poll_ready,"{""type"":""compare"",""condition"":""eq"",""value"":1}",3000,candidate:layered/L1_action/all_actions.json + L2_node/all_nodes.json
read_fc04_reg0040_expected.r_u16_value,modbus_read_cache,[],04 00 40 00 01,"{""start_byte"":2,""length"":2,""endian"":""big"",""type"":""uint16""}",04 02 00 01,read_fc04_reg0040_expected.r_b_poll_ready,"{""type"":""compare"",""condition"":""eq"",""value"":1}",3000,candidate:layered/L1_action/all_actions.json + L2_node/all_nodes.json
increment.i32.r_i32_count,calculate,"[{""index"":0,""name"":""value"",""type"":""i32""}]",,${param_0} + 1,,increment.i32.r_i32_completed,{},3000,candidate:layered/L1_action/all_actions.json + L2_node/all_nodes.json
