类别/阶段,检查对象,成功/预期结果,时间要求,错误码,处置/边界,来源
01,初始化,四轴完成位=1，报警寄存器0x2203均为0,四轴完成轮询20ms/4000ms；显式等待1000ms,HOME_TIMEOUT；X_ALARM/Y_ALARM/Y_ALARM_Y2/Z_ALARM,失败记录error并结束模拟场景；不表示物理安全停机或自动恢复,candidate:layered/L3_group/step_01_system_initialization.group.json
02,空瓶上料与夹取,上料传感器=1且抓取传感器=1,Infeed20ms/4000ms；上料100ms/5000ms；抓取50ms/3000ms；每次move四轴20ms/4000ms,EMPTY_FEED_TIMEOUT；BOTTLE_SENSOR_TIMEOUT；PICK_TIMEOUT；MOTION_TIMEOUT,失败记录error并结束模拟场景；不表示物理安全停机或自动恢复,candidate:layered/L3_group/step_02_empty_bottle_feeding.group.json
03,瓶位确认,ContainerSensor及四路状态均为1,容器20ms/2000ms；四路瓶位各50ms/3000ms,NO_CONTAINER；POS1_TIMEOUT/POS2_TIMEOUT/POS3_TIMEOUT/POS4_TIMEOUT,失败记录error并结束模拟场景；不表示物理安全停机或自动恢复,candidate:layered/L3_group/step_03_bottle_position_detection.group.json
04,瓶内冲洗,实际开阀时长分别>=5000/3000/3000ms；压力>=0.2MPa；保持夹持且位于冲洗work,显式等待5000+3000+3000ms；移动完成轮询20ms/4000ms,RINSE_PRESSURE_LOW；MOTION_TIMEOUT；模拟模型另检RINSE_DURATION/RINSE_SEQUENCE/PROCESS_POSITION,失败记录error并结束模拟场景；不表示物理安全停机或自动恢复,candidate:layered/L3_group/step_04_in_bottle_rinsing.group.json
05,灌装定位,瓶已完成冲洗；四路灌装位置状态=1；选择配方对应灌装头,四路各50ms/3000ms；移动20ms/4000ms,FILL1_POS_TIMEOUT/FILL2_POS_TIMEOUT/FILL3_POS_TIMEOUT/FILL4_POS_TIMEOUT；MOTION_TIMEOUT,失败记录error并结束模拟场景；不表示物理安全停机或自动恢复,candidate:layered/L3_group/step_05_filling_positioning.group.json
06,定量灌装,配方容量250mL；灌装时长橙1250/苹果1389/葡萄1137ms；累计量>=250；液位=1；4次压力>=0.1MPa,灌装完成20ms/20000ms；液位50ms/8000ms；4次压力检查无额外等待,FILL_TIMEOUT；FLOW_NOT_REACHED；LEVEL_TIMEOUT；FILL_PRESSURE_LOW；COMM_OFFLINE,失败记录error并结束模拟场景；不表示物理安全停机或自动恢复,candidate:layered/L3_group/step_06_filling.group.json
07,液位复检,四路液位均为1，模拟器记录4路已检查才允许封口,每路50ms/3000ms,RECHECK1_FAIL/RECHECK2_FAIL/RECHECK3_FAIL/RECHECK4_FAIL；模型另检LEVEL_NOT_VERIFIED,失败记录error并结束模拟场景；不表示物理安全停机或自动恢复,candidate:layered/L3_group/step_07_level_recheck.group.json
08,供盖与封口,闭合状态、四路液位通过、供盖器开启；封口保持>=3000ms且扭矩>=2.0N·m；盖到位=1,Closure20ms/5000ms；封口显式3000ms；盖到位50ms/3000ms,CLOSURE_TIMEOUT；TORQUE_LOW；CAP_TIMEOUT；MOTION_TIMEOUT；模型另检CAPPING_DURATION/CLOSURE_SEQUENCE/CLOSURE_MODE,失败记录error并结束模拟场景；不表示物理安全停机或自动恢复,candidate:layered/L3_group/step_08_capping.group.json
09,喷码与贴标,瓶已封口且扭矩检查通过；喷码先于贴标；完成位=1,无显式脉冲timer；每次模拟请求5ms使开/关脉冲约5ms；完成确认50ms/3000ms,CODE_POS_TIMEOUT；MOTION_TIMEOUT；模型另检LABEL_SEQUENCE/LABEL_DURATION,失败记录error并结束模拟场景；不表示物理安全停机或自动恢复,candidate:layered/L3_group/step_09_coding_labeling.group.json
10,成品放置与出料,成品已灌装、封口、液位复检、喷码与贴标；松夹后出料完成位与传感器=1,Outfeed20ms/4000ms；出料传感器100ms/5000ms；移动20ms/4000ms,OUTFEED_TIMEOUT；OUT_SENSOR_TIMEOUT；MOTION_TIMEOUT；模型另检UNFINISHED_RELEASE/UNLABELLED_RELEASE/UNLABELLED_OUTPUT,失败记录error并结束模拟场景；不表示物理安全停机或自动恢复,candidate:layered/L3_group/step_10_finished_product_discharge.group.json
11,CIP清洗,全部12瓶已出料且无持瓶；循环>=120000ms、排水>=30000ms、清水>=20000ms；压力>=0.3MPa；停泵后清水,显式120000+30000+20000ms,CIP_PRESSURE_LOW；模型另检CIP_SEQUENCE/CIP_DURATION/CIP_INCOMPLETE,失败记录error并结束模拟场景；不表示物理安全停机或自动恢复,candidate:layered/L3_group/step_11_cip_cleaning_sanitizing.group.json
12,回原点与待机,CIP完成；定位四轴PR0；无待完成动作、无持瓶且所有输出关闭；报警=0,四轴20ms/4000ms；无额外稳定timer,HOME_TIMEOUT；X_ALARM/Y_ALARM/Y_ALARM_Y2/Z_ALARM；模型另检FINAL_STATE/HOME_POSITION,失败记录error并结束模拟场景；不表示物理安全停机或自动恢复,candidate:layered/L3_group/step_12_homing_standby.group.json
故障注入,infeed_jam,返回预期错误码,模型确定性注入,EMPTY_FEED_TIMEOUT,单体与四层故障轨迹逐条比较,scripts/simulate_beverage_full.py:FAULTS
故障注入,fill_offline,返回预期错误码,模型确定性注入,COMM_OFFLINE,单体与四层故障轨迹逐条比较,scripts/simulate_beverage_full.py:FAULTS
故障注入,closure_jam,返回预期错误码,模型确定性注入,CLOSURE_TIMEOUT,单体与四层故障轨迹逐条比较,scripts/simulate_beverage_full.py:FAULTS
故障注入,axis_alarm,返回预期错误码,模型确定性注入,X_ALARM,单体与四层故障轨迹逐条比较,scripts/simulate_beverage_full.py:FAULTS
故障注入,rinse_pressure_low,返回预期错误码,模型确定性注入,RINSE_PRESSURE_LOW,单体与四层故障轨迹逐条比较,scripts/simulate_beverage_full.py:FAULTS
故障注入,fill_pressure_low,返回预期错误码,模型确定性注入,FILL_PRESSURE_LOW,单体与四层故障轨迹逐条比较,scripts/simulate_beverage_full.py:FAULTS
故障注入,low_flow,返回预期错误码,模型确定性注入,FLOW_NOT_REACHED,单体与四层故障轨迹逐条比较,scripts/simulate_beverage_full.py:FAULTS
故障注入,level_fault,返回预期错误码,模型确定性注入,RECHECK1_FAIL,单体与四层故障轨迹逐条比较,scripts/simulate_beverage_full.py:FAULTS
故障注入,torque_low,返回预期错误码,模型确定性注入,TORQUE_LOW,单体与四层故障轨迹逐条比较,scripts/simulate_beverage_full.py:FAULTS
故障注入,coding_timeout,返回预期错误码,模型确定性注入,CODE_POS_TIMEOUT,单体与四层故障轨迹逐条比较,scripts/simulate_beverage_full.py:FAULTS
故障注入,cip_pressure_low,返回预期错误码,模型确定性注入,CIP_PRESSURE_LOW,单体与四层故障轨迹逐条比较,scripts/simulate_beverage_full.py:FAULTS
范围,包装,未实现装箱/封箱/码垛及包装设备/点位,,,阶段10只包含成品放置和出料,完整配置与模拟器审计
范围,物理坐标,PR来自给定模拟调试数据,,,未建模物理碰撞、急停、Y轴同步或标定,scripts/simulate_beverage_suite.py
范围,输入来源,Excel为事后完整工艺说明,,,未替换或改写历史输入；不声称历史模型实际读取Excel,examples/beverage_nl_extension/provenance.json
