设备ID,作用,端口,站地址,协议,来源
X,X定位电机,SIM_MOTION,1,Modbus PDU；传输层提供地址/CRC,candidate:device_registry.json
Y1,Y轴第一定位电机,SIM_MOTION,2,Modbus PDU；传输层提供地址/CRC,candidate:device_registry.json
Y2,Y轴第二定位电机（与Y1同PR号，单独设备）,SIM_MOTION,3,Modbus PDU；传输层提供地址/CRC,candidate:device_registry.json
Z,Z定位电机,SIM_MOTION,4,Modbus PDU；传输层提供地址/CRC,candidate:device_registry.json
Infeed,空容器进料电机,SIM_MOTION,5,Modbus PDU；传输层提供地址/CRC,candidate:device_registry.json
Closure,封口机构电机,SIM_MOTION,6,Modbus PDU；传输层提供地址/CRC,candidate:device_registry.json
Outfeed,成品出料电机,SIM_MOTION,7,Modbus PDU；传输层提供地址/CRC,candidate:device_registry.json
OrangeFill,橙汁灌装头,SIM_PROCESS,1,Modbus PDU；传输层提供地址/CRC,candidate:device_registry.json
AppleFill,苹果汁灌装头,SIM_PROCESS,2,Modbus PDU；传输层提供地址/CRC,candidate:device_registry.json
GrapeFill,葡萄汁灌装头,SIM_PROCESS,3,Modbus PDU；传输层提供地址/CRC,candidate:device_registry.json
Gripper,夹瓶器,SIM_PROCESS,4,Modbus PDU；传输层提供地址/CRC,candidate:device_registry.json
CapFeeder,供盖器,SIM_PROCESS,5,Modbus PDU；传输层提供地址/CRC,candidate:device_registry.json
ContainerSensor,持瓶状态传感器,SIM_PROCESS,6,Modbus PDU；传输层提供地址/CRC,candidate:device_registry.json
RinseValve,冲洗阀0x0012,SIM_PROCESS,7,Modbus PDU；传输层提供地址/CRC,candidate:device_registry.json
CIPValve,消毒/CIP阀0x0013及排水阀0x0014,SIM_PROCESS,8,Modbus PDU；传输层提供地址/CRC,candidate:device_registry.json
Relay,推瓶0x0008、封口0x000B、喷码0x000C、贴标0x000D、CIP泵0x000E（0x0009/0x000A仅复位）,SIM_PROCESS,9,Modbus PDU；传输层提供地址/CRC,candidate:device_registry.json
BottleSensor,上料/抓取/瓶位/灌装位置/瓶盖/喷码贴标/出料反馈,SIM_PROCESS,10,Modbus PDU；传输层提供地址/CRC,candidate:device_registry.json
LevelSensor,四路液位0x0038–0x003B,SIM_PROCESS,11,Modbus PDU；传输层提供地址/CRC,candidate:device_registry.json
PressureSensor,冲洗/CIP压力0x0010与灌装压力0x0012,SIM_PROCESS,12,Modbus PDU；传输层提供地址/CRC,candidate:device_registry.json
FlowMeter,0x0001清零、0x0000流量、0x0020累计产量,SIM_PROCESS,13,Modbus PDU；传输层提供地址/CRC,candidate:device_registry.json
Torque,封口扭矩0x0030,SIM_PROCESS,14,Modbus PDU；传输层提供地址/CRC,candidate:device_registry.json
