L3文件,参数契约,模式,循环条件,作用/顺序,来源
move_axis_if_changed.group.json,"[{""index"":0,""name"":""axis_state"",""type"":""s""},{""index"":1,""name"":""axis_pr"",""type"":""u16""},{""index"":2,""name"":""axis_devices"",""type"":""arr""}]",sequence,,读last轴PR；变化才按axis_devices依次触发；缓存新PR,candidate:layered/L3_group/move_axis_if_changed.group.json
move_production_point.group.json,"[{""index"":0,""name"":""point_index"",""type"":""u16"",""min"":0,""max"":100}]",sequence,,生产点→XYZ PR；只触发变化轴；四电机就绪；刷新坐标,candidate:layered/L3_group/move_production_point.group.json
poll_sensor_until_ready.group.json,"[{""index"":0,""name"":""poll_node"",""type"":""s""},{""index"":1,""name"":""poll_device"",""type"":""s""},{""index"":2,""name"":""poll_interval_ms"",""type"":""u32""},{""index"":3,""name"":""poll_timeout_ms"",""type"":""u32""},{""index"":4,""name"":""poll_max_iterations"",""type"":""u32""},{""index"":5,""name"":""poll_error_code"",""type"":""s""},{""index"":6,""name"":""poll_error_message"",""type"":""s""}]",loop,"{""type"":""do-while"",""condition"":""${poll_ready} != true"",""timeout_ms"":""${poll_timeout_ms}"",""max_iterations"":""${poll_max_iterations}""}",do-while先读再判断；未就绪才等待；截止/迭代保护,candidate:layered/L3_group/poll_sensor_until_ready.group.json
produce_batch.group.json,[],loop,"{""type"":""count"",""count"":6}",固定六次produce_one_container,candidate:layered/L3_group/produce_batch.group.json
produce_one_container.group.json,[],sequence,,按顺序复用02–10九个工序,candidate:layered/L3_group/produce_one_container.group.json
refresh_position.group.json,[],sequence,,读X/Y1/Y2/Z 0x602C；界面Y采用Y1,candidate:layered/L3_group/refresh_position.group.json
run_recipe.group.json,"[{""index"":0,""name"":""flavor"",""type"":""u16"",""min"":0,""max"":2},{""index"":1,""name"":""specification"",""type"":""u16"",""min"":0,""max"":2}]",sequence,,双参数选择配方；初始化；固定两批；CIP；待机,candidate:layered/L3_group/run_recipe.group.json
step_01_system_initialization.group.json,[],sequence,,关闭三个灌装头、夹爪、供盖器、冲洗阀、CIP阀/排水阀及Relay 0x0008–0x000E；四定位电机PR0；轮询完成；保存last_*_pr=0；读坐标并更新UI；报警检查；缓存运行状态；稳定1秒。,candidate:layered/L3_group/step_01_system_initialization.group.json
step_02_empty_bottle_feeding.group.json,[],sequence,,Relay推瓶输出0x0008开；Infeed PR=infeed_pr；完成后确认上料BottleSensor 0x0034；关推瓶；先入空瓶entry再work；Gripper线圈0x0000开；确认抓取0x0041。,candidate:layered/L3_group/step_02_empty_bottle_feeding.group.json
step_03_bottle_position_detection.group.json,[],sequence,,确认ContainerSensor FC04 0x0001；逐路确认BottleSensor 0x0034–0x0037并缓存；读取累计产量FlowMeter0x0020；UI BottleState=all ready。,candidate:layered/L3_group/step_03_bottle_position_detection.group.json
step_04_in_bottle_rinsing.group.json,[],sequence,,抬升到空瓶entry；转冲洗entry再下降work；冲洗阀0x0012开5s后关；压力检查0x0010>=0.2MPa；消毒阀CIP0x0013开3s后关；排水阀CIP0x0014开3s后关；UI WashState=done；抬升至rinse_entry。,candidate:layered/L3_group/step_04_in_bottle_rinsing.group.json
step_05_filling_positioning.group.json,[],sequence,,先到选定口味灌装entry再work；BottleSensor0x0042–0x0045逐路检查到位。,candidate:layered/L3_group/step_05_filling_positioning.group.json
step_06_filling.group.json,[],sequence,,清FlowMeter0x0001；给fill_device写容量0x0010及灌装时间0x0011；开灌装头线圈0x0000；等待完成；检查FlowMeter0x0000>=volume_ml；确认液位0x0038；关灌装头；4次PressureSensor0x0012>=0.1MPa；缓存流量及头部0x0012实灌量；更新UI。,candidate:layered/L3_group/step_06_filling.group.json
step_07_level_recheck.group.json,[],sequence,,独立轮询LevelSensor0x0038/39/3A/3B并缓存lv1–lv4；CheckState=qualified。,candidate:layered/L3_group/step_07_level_recheck.group.json
step_08_capping.group.json,[],sequence,,抬升离开灌装；去封口entry/work；CapFeeder开；Closure按closure_pr触发；等待完成；Relay0x000B封口输出开3s；读Torque0x0030>=2.0N·m；关封口输出；BottleSensor0x0046盖到位；缓存扭矩；CapFeeder关；抬升。,candidate:layered/L3_group/step_08_capping.group.json
step_09_coding_labeling.group.json,[],sequence,,进喷码entry/work；Relay0x000C喷码开/关；0x000D贴标开/关；BottleSensor0x0047完成确认；UI CodeState=done；抬升。,candidate:layered/L3_group/step_09_coding_labeling.group.json
step_10_finished_product_discharge.group.json,[],sequence,,进入成品entry/work；Gripper关以松夹；Relay推瓶0x0008开；Outfeed PR=outfeed_pr；完成并确认BottleSensor0x0040；缓存累计产量；关推瓶；抬升；completed加1并更新UI。,candidate:layered/L3_group/step_10_finished_product_discharge.group.json
step_11_cip_cleaning_sanitizing.group.json,[],sequence,,CIP0x0013开，Relay泵0x000E开；循环120s；压力0x0010>=0.3MPa；CIP排水0x0014开30s后关；停泵；冲洗阀0x0012开20s后关；关CIP0x0013；UI CIPState=done。,candidate:layered/L3_group/step_11_cip_cleaning_sanitizing.group.json
step_12_homing_standby.group.json,[],sequence,,重复复位所有输出；四轴显式PR0并等待完成；记录last_*_pr=0；刷新位置UI；四轴报警检查；SystemState=standby。,candidate:layered/L3_group/step_12_homing_standby.group.json
trigger_motor.group.json,"[{""index"":0,""name"":""motor_device"",""type"":""s""},{""index"":1,""name"":""motor_pr"",""type"":""u16""}]",sequence,,PR 0–15编码为16+PR；写指定device的0x6002,candidate:layered/L3_group/trigger_motor.group.json
